job,actual,budget,variance,status
Academic librarian,218.02,207.0788946844408,10.941105315559213,游댮 Over
Accommodation manager,441.63,521.2495836559245,-79.61958365592454,游릭 Under
"Accountant, chartered",139.13,152.0409268496883,-12.910926849688309,游릭 Under
"Accountant, chartered certified",295.76,307.43169331444625,-11.671693314446259,游릭 Under
"Accountant, chartered management",368.28,317.6074179608562,50.67258203914378,游댮 Over
"Accountant, chartered public finance",388.34999999999997,334.9121887890257,53.437811210974246,游댮 Over
Accounting technician,232.77,191.62404896175673,41.14595103824328,游댮 Over
Actor,158.15,181.3143029817224,-23.164302981722386,游릭 Under
Actuary,228.57,237.81474329365807,-9.244743293658075,游릭 Under
Acupuncturist,334.78,362.64341503782407,-27.863415037824097,游릭 Under
Administrator,256.2,207.06949897543385,49.13050102456614,游댮 Over
"Administrator, Civil Service",401.49,476.95564261780765,-75.46564261780765,游릭 Under
"Administrator, arts",248.54000000000002,281.59011757781474,-33.05011757781472,游릭 Under
"Administrator, charities/voluntary organisations",340.69,301.4887246467928,39.20127535320722,游댮 Over
"Administrator, education",634.91,554.1049959717841,80.80500402821588,游댮 Over
"Administrator, local government",136.61,119.30995603643105,17.300043963568967,游댮 Over
"Administrator, sports",180.57,166.4308087244815,14.139191275518499,游댮 Over
Adult guidance worker,384.64,388.4489255452096,-3.808925545209604,游릭 Under
Adult nurse,170.72,166.0726614330328,4.647338566967193,游댮 Over
Advertising account executive,27.76,25.44180837275906,2.3181916272409424,游댮 Over
Advertising account planner,170.42,178.04478812743517,-7.624788127435181,游릭 Under
Advertising art director,826.71,707.4963878158599,119.21361218414017,游댮 Over
Advertising copywriter,355.6,326.0346548076495,29.56534519235055,游댮 Over
Advice worker,311.93,295.2556999114405,16.674300088559505,游댮 Over
Aeronautical engineer,427.78999999999996,420.27287141928224,7.517128580717724,游댮 Over
Agricultural consultant,593.93,661.679823500061,-67.7498235000611,游릭 Under
Agricultural engineer,203.85999999999999,179.37019889232127,24.489801107678716,游댮 Over
Aid worker,302.09000000000003,303.8100326001472,-1.7200326001471922,游릭 Under
Air broker,212.99,220.86335160877059,-7.873351608770577,游릭 Under
Air cabin crew,164.25,134.45179211570385,29.798207884296147,游댮 Over
Air traffic controller,407.98,425.5304594714995,-17.550459471499494,游릭 Under
Airline pilot,561.36,487.3781688292392,73.98183117076081,游댮 Over
Ambulance person,202.36,167.1535361426005,35.20646385739951,游댮 Over
Amenity horticulturist,291.22,343.50977846356625,-52.28977846356622,游릭 Under
Analytical chemist,225.75,267.7965725866327,-42.04657258663269,游릭 Under
Animal nutritionist,140.39,157.70836148082796,-17.318361480827974,游릭 Under
Animal technologist,585.26,539.5193018185628,45.74069818143721,游댮 Over
Animator,295.4,247.8609369909943,47.53906300900567,游댮 Over
Applications developer,545.2,585.3775384217712,-40.177538421771146,游릭 Under
Arboriculturist,369.02,360.18602929591503,8.833970704084948,游댮 Over
Archaeologist,622.7,528.5572835351376,94.14271646486247,游댮 Over
Architect,325.92,325.2912234173861,0.6287765826139093,游댮 Over
Architectural technologist,317.59000000000003,258.4405801683929,59.14941983160713,游댮 Over
Archivist,222.86,259.348457922911,-36.48845792291098,游릭 Under
Armed forces logistics/support/administrative officer,301.21,272.1468473030964,29.063152696903558,游댮 Over
Armed forces operational officer,335.0,356.7779861034336,-21.77798610343359,游릭 Under
Armed forces technical officer,543.95,502.9820959355341,40.96790406446593,游댮 Over
Armed forces training and education officer,229.01,230.84831101197219,-1.8383110119721948,游릭 Under
Art gallery manager,377.27,384.31895483513557,-7.048954835135589,游릭 Under
Art therapist,466.43,407.63266547630866,58.79733452369135,游댮 Over
Artist,136.31,161.9136322442348,-25.603632244234802,游릭 Under
Arts administrator,207.04999999999998,229.83650043076747,-22.78650043076749,游릭 Under
Arts development officer,398.03000000000003,468.0035054843177,-69.97350548431768,游릭 Under
Associate Professor,446.32,516.8077372171473,-70.4877372171473,游릭 Under
Astronomer,336.84,350.03065154509034,-13.190651545090361,游릭 Under
Audiological scientist,208.68,243.89468614584962,-35.21468614584961,游릭 Under
Automotive engineer,339.68,283.7676532387984,55.912346761201604,游댮 Over
Banker,372.73,327.4034769237952,45.32652307620481,游댮 Over
Barista,469.09,383.75826758201777,85.33173241798221,游댮 Over
Barrister,579.24,538.7697363165254,40.47026368347463,游댮 Over
Barrister's clerk,100.74,96.25414006532736,4.485859934672632,游댮 Over
Best boy,355.55,323.0312592988835,32.518740701116485,游댮 Over
"Biochemist, clinical",260.46000000000004,294.70918865348466,-34.24918865348462,游릭 Under
Biomedical engineer,419.44,395.4066461393436,24.033353860656405,游댮 Over
Biomedical scientist,369.89,337.4779463153061,32.41205368469389,游댮 Over
Bonds trader,208.49,212.0506825510653,-3.560682551065298,游릭 Under
Bookseller,372.90999999999997,319.3488210941355,53.561178905864494,游댮 Over
Brewing technologist,526.81,590.4901565724142,-63.68015657241426,游릭 Under
Broadcast engineer,219.56,182.1953357305322,37.364664269467795,游댮 Over
Broadcast journalist,587.46,701.8706399101359,-114.41063991013584,游릭 Under
Broadcast presenter,288.52,319.9392243349886,-31.4192243349886,游릭 Under
Building control surveyor,202.4,178.00802157700662,24.39197842299339,游댮 Over
Building services engineer,313.05,251.13147950621752,61.918520493782495,游댮 Over
Building surveyor,596.24,671.4762888407641,-75.23628884076413,游릭 Under
"Buyer, industrial",66.74000000000001,72.26226365135601,-5.522263651355999,游릭 Under
"Buyer, retail",418.93,457.3051891629643,-38.37518916296432,游릭 Under
Cabin crew,734.79,814.5206952165463,-79.73069521654634,游릭 Under
Call centre manager,343.89,285.29728611393455,58.59271388606544,游댮 Over
Camera operator,432.59000000000003,408.09947580438677,24.49052419561326,游댮 Over
Careers adviser,283.43,239.88030701648302,43.54969298351699,游댮 Over
Careers information officer,721.41,826.1885769843647,-104.77857698436469,游릭 Under
Cartographer,400.16999999999996,419.9060845650335,-19.736084565033536,游릭 Under
Catering manager,335.28,312.60139590903844,22.678604090961528,游댮 Over
Ceramics designer,392.55,324.01993216191147,68.53006783808854,游댮 Over
Charity fundraiser,367.22,339.45557127217023,27.764428727829795,游댮 Over
Charity officer,379.85,353.288353948744,26.561646051256048,游댮 Over
Chartered accountant,145.87,159.26706129366937,-13.397061293669367,游릭 Under
Chartered certified accountant,139.71,147.39726172921473,-7.687261729214725,游릭 Under
Chartered legal executive (England and Wales),392.45,453.2346563296317,-60.78465632963173,游릭 Under
Chartered loss adjuster,198.15,195.9477549683361,2.2022450316638924,游댮 Over
Chartered management accountant,330.56,280.261229574946,50.29877042505399,游댮 Over
Chartered public finance accountant,171.64,186.28053411158191,-14.640534111581928,游릭 Under
Chemical engineer,538.74,594.9381348367469,-56.19813483674693,游릭 Under
"Chemist, analytical",236.39,242.1841266933813,-5.794126693381315,游릭 Under
Chief Executive Officer,338.26,374.9229433165719,-36.6629433165719,游릭 Under
Chief Financial Officer,250.55,249.92819466763925,0.6218053323607649,游댮 Over
Chief Marketing Officer,246.35000000000002,248.5900930073017,-2.240093007301681,游릭 Under
Chief Operating Officer,254.7,247.31787895036902,7.3821210496309675,游댮 Over
Chief Strategy Officer,206.33,167.16189136844366,39.16810863155635,游댮 Over
Chief Technology Officer,314.03,264.77645792748297,49.25354207251701,游댮 Over
Chief of Staff,290.73,236.23896286188173,54.49103713811829,游댮 Over
Child psychotherapist,346.02,364.9002922021973,-18.880292202197325,游릭 Under
Chiropodist,383.57,355.08700946457867,28.482990535421322,游댮 Over
Chiropractor,262.01,262.9082427168255,-0.8982427168255072,游릭 Under
Civil Service administrator,510.82,594.0972424843708,-83.27724248437079,游릭 Under
Civil Service fast streamer,367.63,330.7629208808004,36.867079119199616,游댮 Over
"Civil engineer, consulting",213.96,206.29021208508135,7.669787914918658,游댮 Over
"Civil engineer, contracting",342.01,376.9704179572432,-34.96041795724324,游릭 Under
Claims inspector/assessor,339.4,302.58163894714266,36.81836105285731,游댮 Over
Clinical biochemist,171.39,142.38943469822271,29.00056530177727,游댮 Over
Clinical cytogeneticist,294.78000000000003,269.98917331596823,24.7908266840318,游댮 Over
Clinical embryologist,159.78,138.12797491097794,21.65202508902206,游댮 Over
Clinical molecular geneticist,495.53999999999996,580.7129498567355,-85.1729498567355,游릭 Under
Clinical psychologist,322.32000000000005,362.04534429648123,-39.72534429648118,游릭 Under
Clinical research associate,215.82,227.33647949203183,-11.516479492031834,游릭 Under
"Clinical scientist, histocompatibility and immunogenetics",36.87,42.34830078408846,-5.478300784088461,游릭 Under
Clothing/textile technologist,653.42,732.7901633949676,-79.37016339496768,游릭 Under
Colour technologist,682.14,596.6187599874082,85.52124001259176,游댮 Over
Commercial art gallery manager,425.45,492.2556903630244,-66.80569036302444,游릭 Under
Commercial horticulturist,451.26,458.3614320347426,-7.101432034742629,游릭 Under
Commercial/residential surveyor,508.93,571.5162072670586,-62.58620726705857,游릭 Under
Commissioning editor,310.4,359.5786957985009,-49.17869579850094,游릭 Under
Communications engineer,369.57,342.6658176981407,26.904182301859294,游댮 Over
Community arts worker,207.7,175.3031138897594,32.39688611024059,游댮 Over
Community development worker,305.89000000000004,272.60123474798183,33.28876525201821,游댮 Over
Community education officer,303.06,294.2237145684293,8.83628543157073,游댮 Over
Community pharmacist,422.43,476.1655910274555,-53.735591027455484,游릭 Under
Company secretary,201.41000000000003,230.47189870946409,-29.06189870946406,游릭 Under
Comptroller,307.84000000000003,247.12805754508872,60.71194245491131,游댮 Over
Computer games developer,344.95,346.4329128096525,-1.4829128096525324,游릭 Under
Conference centre manager,244.32,236.24874251572385,8.071257484276146,游댮 Over
"Conservation officer, historic buildings",289.73,257.5245183710739,32.20548162892612,游댮 Over
"Conservation officer, nature",473.71000000000004,401.6805692638556,72.02943073614443,游댮 Over
"Conservator, furniture",327.92,306.6203068026711,21.299693197328907,游댮 Over
"Conservator, museum/gallery",160.99,189.5116132931506,-28.52161329315058,游릭 Under
Consulting civil engineer,438.6,407.5827223937213,31.017277606278697,游댮 Over
Contracting civil engineer,120.7,121.6072112177697,-0.9072112177696994,游릭 Under
Contractor,394.3,426.3201501969475,-32.0201501969475,游릭 Under
Control and instrumentation engineer,461.43,436.2598429703511,25.17015702964892,游댮 Over
Copy,250.6,297.8914359719491,-47.291435971949085,游릭 Under
"Copywriter, advertising",424.68,503.2368468864063,-78.55684688640628,游릭 Under
Corporate investment banker,227.82,205.20041705397378,22.619582946026213,游댮 Over
Corporate treasurer,498.11,497.56178130802243,0.5482186919775813,游댮 Over
Counselling psychologist,310.61,285.8703247248747,24.739675275125308,游댮 Over
Counsellor,380.40999999999997,347.670468986453,32.73953101354698,游댮 Over
Curator,240.6,196.02999981340022,44.57000018659977,游댮 Over
Customer service manager,407.48,425.33810992405137,-17.858109924051348,游릭 Under
Cytogeneticist,370.39,370.7869133654952,-0.39691336549520884,游릭 Under
Dance movement psychotherapist,184.45,151.3581022672242,33.09189773277578,游댮 Over
Dancer,318.59000000000003,290.3815908164568,28.20840918354321,游댮 Over
Data processing manager,461.83,537.2497736463919,-75.41977364639189,游릭 Under
Data scientist,119.56,107.10480785925729,12.45519214074271,游댮 Over
Database administrator,218.89,187.7984154208191,31.091584579180875,游댮 Over
Dealer,274.92,273.76014114220305,1.1598588577969622,游댮 Over
Dentist,429.22,512.6003551653408,-83.3803551653408,游릭 Under
"Designer, blown glass/stained glass",358.93,321.89635944144914,37.03364055855087,游댮 Over
"Designer, ceramics/pottery",223.23999999999998,238.61101584115528,-15.371015841155298,游릭 Under
"Designer, exhibition/display",386.44,426.88011365905186,-40.44011365905186,游릭 Under
"Designer, fashion/clothing",422.24,377.92803063014037,44.31196936985964,游댮 Over
"Designer, furniture",120.83000000000001,131.8601525611084,-11.030152561108395,游릭 Under
"Designer, graphic",216.55,205.09737495614172,11.45262504385829,游댮 Over
"Designer, industrial/product",445.79,469.3822464881247,-23.59224648812466,游릭 Under
"Designer, interior/spatial",303.87,320.10026928356524,-16.230269283565235,游릭 Under
"Designer, jewellery",440.91999999999996,447.229509480897,-6.30950948089702,游릭 Under
"Designer, multimedia",128.81,107.70009011228335,21.109909887716654,游댮 Over
"Designer, television/film set",245.77,278.7329177363868,-32.9629177363868,游릭 Under
"Designer, textile",282.31,262.0717680568683,20.238231943131723,游댮 Over
"Development worker, community",214.76,187.8306861173891,26.9293138826109,游댮 Over
"Development worker, international aid",683.55,557.9887392039035,125.56126079609646,游댮 Over
Diagnostic radiographer,515.6800000000001,534.428669177325,-18.748669177324928,游릭 Under
Dietitian,318.93,341.5822407689436,-22.652240768943614,游릭 Under
Diplomatic Services operational officer,491.59000000000003,396.533764329058,95.05623567094204,游댮 Over
Dispensing optician,423.61,425.65909617046344,-2.0490961704634287,游릭 Under
"Doctor, general practice",55.79,49.686479719317184,6.103520280682815,游댮 Over
"Doctor, hospital",206.29000000000002,218.26907797342616,-11.979077973426143,游릭 Under
Dramatherapist,114.56,99.63816724272473,14.921832757275268,游댮 Over
Drilling engineer,574.89,618.7972785030906,-43.90727850309065,游릭 Under
Early years teacher,100.17,95.63171185556993,4.538288144430069,游댮 Over
Ecologist,177.57999999999998,208.60180455994768,-31.021804559947697,游릭 Under
Economist,390.87,334.19712457533774,56.672875424662266,游댮 Over
"Editor, commissioning",381.95,357.6681171134585,24.281882886541496,游댮 Over
"Editor, film/video",442.09000000000003,373.73820360210084,68.3517963978992,游댮 Over
"Editor, magazine features",186.18,217.80778314044113,-31.627783140441124,游릭 Under
Editorial assistant,464.91,535.0815355121408,-70.17153551214079,游릭 Under
Education administrator,244.26,220.60992879428156,23.650071205718433,游댮 Over
"Education officer, community",457.28,486.5430018282037,-29.263001828203755,游릭 Under
"Education officer, environmental",471.89,531.7675936211807,-59.87759362118072,游릭 Under
"Education officer, museum",186.88,191.006371068683,-4.1263710686829995,游릭 Under
Educational psychologist,152.04999999999998,153.8533481756123,-1.8033481756123138,游릭 Under
Electrical engineer,252.65,226.56159251839966,26.088407481600342,游댮 Over
Electronics engineer,465.97,390.129238685806,75.84076131419403,游댮 Over
"Embryologist, clinical",302.07000000000005,350.06478560198457,-47.99478560198452,游릭 Under
Emergency planning/management officer,364.63,423.03177447338606,-58.40177447338607,游릭 Under
Energy manager,416.53,438.7062999992137,-22.17629999921371,游릭 Under
"Engineer, aeronautical",220.4,206.20886637885346,14.191133621146548,游댮 Over
"Engineer, agricultural",393.55,369.81257123552507,23.73742876447494,游댮 Over
"Engineer, automotive",372.83000000000004,406.5272223012766,-33.697222301276554,游릭 Under
"Engineer, biomedical",437.11,506.5423462911484,-69.4323462911484,游릭 Under
"Engineer, broadcasting (operations)",336.0,388.02441542123177,-52.024415421231765,游릭 Under
"Engineer, building services",143.03,159.0422397296064,-16.012239729606392,游릭 Under
"Engineer, chemical",126.32,133.49657501688384,-7.176575016883845,游릭 Under
"Engineer, civil (consulting)",244.18,203.56211866099642,40.61788133900359,游댮 Over
"Engineer, civil (contracting)",185.79,160.6435995166553,25.146400483344678,游댮 Over
"Engineer, communications",546.01,633.0558289910682,-87.04582899106822,游릭 Under
"Engineer, control and instrumentation",323.92,337.7098004019737,-13.789800401973707,游릭 Under
"Engineer, drilling",468.4,376.4431595908917,91.95684040910828,游댮 Over
"Engineer, electrical",465.72,391.4789307774274,74.2410692225726,游댮 Over
"Engineer, electronics",187.55,199.81590271848637,-12.265902718486359,游릭 Under
"Engineer, energy",268.0,214.94260178831465,53.05739821168535,游댮 Over
"Engineer, land",256.92,222.06192182807354,34.85807817192648,游댮 Over
"Engineer, maintenance",496.7,506.3824292713533,-9.682429271353328,游릭 Under
"Engineer, maintenance (IT)",437.81,471.4154546007352,-33.605454600735186,游릭 Under
"Engineer, manufacturing",546.63,579.8566333127626,-33.2266333127626,游릭 Under
"Engineer, manufacturing systems",620.84,552.3661432341976,68.47385676580245,游댮 Over
"Engineer, materials",378.71,410.8517571666101,-32.14175716661015,游릭 Under
"Engineer, mining",364.53,326.2177639460834,38.31223605391659,游댮 Over
"Engineer, petroleum",141.46,131.580416520644,9.879583479356,游댮 Over
"Engineer, production",220.62,242.37237351885537,-21.752373518855364,游릭 Under
"Engineer, site",200.86,212.8821056410494,-12.022105641049393,游릭 Under
"Engineer, structural",220.53,251.3356954865124,-30.805695486512406,游릭 Under
"Engineer, technical sales",126.78000000000002,134.77286499433504,-7.992864994335022,游릭 Under
"Engineer, water",369.4,379.4932792288493,-10.093279228849326,游릭 Under
Engineering geologist,94.44,79.09065802947403,15.34934197052597,游댮 Over
English as a foreign language teacher,232.79,220.47222471768222,12.317775282317768,游댮 Over
English as a second language teacher,305.03999999999996,276.39093209505336,28.649067904946605,游댮 Over
Environmental consultant,392.26,352.09095100475173,40.16904899524826,游댮 Over
Environmental education officer,118.60000000000001,141.03962071745602,-22.43962071745601,游릭 Under
Environmental health practitioner,392.46999999999997,375.6876255999853,16.782374400014646,游댮 Over
Environmental manager,480.74,556.1289843743382,-75.38898437433818,游릭 Under
Equality and diversity officer,286.51,301.5390110937903,-15.029011093790302,游릭 Under
Equities trader,145.23,162.35617824534143,-17.126178245341436,游릭 Under
Ergonomist,539.87,540.43947498188,-0.5694749818800346,游릭 Under
Estate agent,437.48,450.9375645785359,-13.45756457853588,游릭 Under
Estate manager/land agent,370.05,368.94246903906827,1.10753096093174,游댮 Over
Event organiser,339.17,297.82422566858514,41.34577433141487,游댮 Over
Exercise physiologist,339.35,369.5456501255968,-30.195650125596785,游릭 Under
Exhibition designer,429.87,392.17424617698026,37.69575382301974,游댮 Over
"Exhibitions officer, museum/gallery",212.65,172.18831610465946,40.46168389534054,游댮 Over
Facilities manager,424.36,449.05304939646624,-24.693049396466222,游릭 Under
Farm manager,516.13,449.4688539849441,66.66114601505592,游댮 Over
Fashion designer,215.11999999999998,253.02058026639952,-37.900580266399544,游릭 Under
Fast food restaurant manager,372.3,439.8990436872253,-67.59904368722528,游릭 Under
Field seismologist,385.82,449.8451916139414,-64.02519161394139,游릭 Under
Field trials officer,467.65000000000003,443.3618864697835,24.28811353021655,游댮 Over
Film/video editor,236.38,190.5654540060375,45.8145459939625,游댮 Over
Financial adviser,128.51,150.52728739125942,-22.01728739125943,游릭 Under
Financial controller,382.63,371.6384402682616,10.991559731738391,游댮 Over
Financial manager,443.98,526.8541626236033,-82.8741626236033,游릭 Under
Financial planner,267.34000000000003,316.9176658700163,-49.57766587001629,游릭 Under
Financial risk analyst,109.2,124.6194530148143,-15.419453014814295,游릭 Under
Financial trader,274.33,251.77446582457978,22.555534175420206,游댮 Over
Fine artist,460.68,439.506728644934,21.173271355065992,游댮 Over
Firefighter,445.1,507.61637299686123,-62.51637299686121,游릭 Under
Fish farm manager,391.91999999999996,363.21922890433933,28.700771095660627,游댮 Over
Fisheries officer,325.90999999999997,282.82375242898576,43.08624757101421,游댮 Over
Fitness centre manager,223.94,229.02802988596918,-5.088029885969178,游릭 Under
Food technologist,333.55,391.7417699685314,-58.19176996853139,游릭 Under
Forensic psychologist,371.74,400.8888466463818,-29.1488466463818,游릭 Under
Forensic scientist,163.21,167.7838734281141,-4.573873428114098,游릭 Under
Forest/woodland manager,318.54,267.21384013029626,51.32615986970376,游댮 Over
Freight forwarder,452.40999999999997,473.2221677723885,-20.812167772388534,游릭 Under
Furniture conservator/restorer,631.34,755.0962390899301,-123.75623908993009,游릭 Under
Furniture designer,282.67,241.9750194347633,40.694980565236705,游댮 Over
Further education lecturer,560.64,564.7505345204821,-4.110534520482133,游릭 Under
Futures trader,283.92,326.7775050327141,-42.85750503271407,游릭 Under
Gaffer,392.41,430.202005317171,-37.79200531717095,游릭 Under
Games developer,184.41,198.94266911877492,-14.532669118774919,游릭 Under
Garment/textile technologist,231.12,249.83924859644026,-18.719248596440252,游릭 Under
General practice doctor,279.9,264.1686292905638,15.731370709436192,游댮 Over
"Geneticist, molecular",394.45,361.88292118805174,32.56707881194825,游댮 Over
Geochemist,595.11,668.7515668947273,-73.64156689472725,游릭 Under
Geographical information systems officer,268.94,302.30075854600756,-33.36075854600756,游릭 Under
"Geologist, engineering",382.78,438.9831768424368,-56.20317684243685,游릭 Under
"Geologist, wellsite",216.76,252.5896088688563,-35.8296088688563,游릭 Under
Geophysical data processor,345.27,346.83647602188637,-1.5664760218863876,游릭 Under
Geophysicist/field seismologist,343.78,343.9885087150261,-0.20850871502614154,游릭 Under
Geoscientist,432.06,483.612566009754,-51.552566009754,游릭 Under
Glass blower/designer,430.23,456.0375927754072,-25.80759277540716,游릭 Under
Government social research officer,558.9399999999999,604.0949465497682,-45.15494654976828,游릭 Under
Graphic designer,201.13,224.92711184147322,-23.797111841473225,游릭 Under
Haematologist,211.79000000000002,244.82969253741697,-33.039692537416954,游릭 Under
Health and safety adviser,207.14999999999998,193.72627869671825,13.423721303281724,游댮 Over
Health and safety inspector,322.41,306.3646799042578,16.045320095742227,游댮 Over
Health physicist,397.88,333.261413689554,64.618586310446,游댮 Over
Health promotion specialist,147.85,152.47948753851372,-4.629487538513729,游릭 Under
Health service manager,244.98999999999998,199.51419906298554,45.47580093701444,游댮 Over
Health visitor,509.36,502.35080260638,7.009197393620013,游댮 Over
Herbalist,242.97,247.11454675795994,-4.144546757959944,游릭 Under
Heritage manager,291.01,266.1625479127408,24.84745208725917,游댮 Over
Herpetologist,256.78,266.10966585956425,-9.329665859564273,游릭 Under
Higher education careers adviser,419.28,340.53925791777783,78.74074208222214,游댮 Over
Higher education lecturer,279.40999999999997,227.70218296736718,51.70781703263279,游댮 Over
Historic buildings inspector/conservation officer,179.73000000000002,202.92239950694417,-23.192399506944156,游릭 Under
Holiday representative,344.22,324.969929034634,19.250070965366035,游댮 Over
Homeopath,511.79,435.4433199080433,76.34668009195673,游댮 Over
Horticultural consultant,183.64000000000001,185.27390091058572,-1.6339009105857087,游릭 Under
Horticultural therapist,261.16,289.3646065308933,-28.204606530893273,游릭 Under
"Horticulturist, amenity",376.14,333.38356851306503,42.75643148693496,游댮 Over
"Horticulturist, commercial",209.21,219.49396657843724,-10.28396657843723,游릭 Under
Hospital doctor,396.59,330.8111804567514,65.77881954324857,游댮 Over
Hospital pharmacist,432.02000000000004,354.5470148717048,77.47298512829525,游댮 Over
Hotel manager,172.07,174.22807658157248,-2.1580765815724874,游릭 Under
Housing manager/officer,388.79,395.10941157231736,-6.319411572317335,游릭 Under
Human resources officer,101.13000000000001,106.68931437540546,-5.5593143754054495,游릭 Under
Hydrogeologist,268.36,292.6295481271254,-24.269548127125404,游릭 Under
Hydrographic surveyor,187.68,223.40316730941137,-35.723167309411366,游릭 Under
Hydrologist,389.36,391.89868144582135,-2.5386814458213394,游릭 Under
IT consultant,360.74,335.19332721953003,25.546672780469976,游댮 Over
IT sales professional,199.10000000000002,222.60862855137958,-23.50862855137956,游릭 Under
IT technical support officer,392.69,356.69324669924157,35.99675330075843,游댮 Over
IT trainer,306.9,299.4081316058239,7.491868394176095,游댮 Over
Illustrator,389.92,324.17268488519056,65.74731511480945,游댮 Over
Immigration officer,155.7,126.1388442999147,29.561155700085294,游댮 Over
Immunologist,366.91,434.81013193179103,-67.90013193179101,游릭 Under
Industrial buyer,396.95,450.29692353492806,-53.34692353492807,游릭 Under
Industrial/product designer,280.08,302.03538225708917,-21.955382257089184,游릭 Under
Information officer,325.96,314.08892070451014,11.871079295489835,游댮 Over
Information systems manager,461.07,400.81632486202597,60.25367513797403,游댮 Over
Insurance account manager,387.86,334.55826854816297,53.30173145183704,游댮 Over
Insurance broker,182.87,164.6007675149438,18.269232485056193,游댮 Over
Insurance claims handler,221.26,225.6167567331505,-4.356756733150519,游릭 Under
Insurance risk surveyor,331.16,359.58623430454105,-28.426234304541026,游릭 Under
Insurance underwriter,315.88,336.12125894303875,-20.24125894303876,游릭 Under
Intelligence analyst,375.39,342.345754229815,33.044245770185,游댮 Over
Interior and spatial designer,277.52,328.01368507585977,-50.49368507585979,游릭 Under
International aid/development worker,258.2,282.76999355633893,-24.569993556338943,游릭 Under
Interpreter,375.76,383.92963150867354,-8.169631508673547,游릭 Under
Investment analyst,251.7,262.9480447308746,-11.248044730874597,游릭 Under
"Investment banker, corporate",302.0,292.287687541277,9.712312458722977,游댮 Over
"Investment banker, operational",339.15,304.927186035727,34.22281396427297,游댮 Over
Jewellery designer,373.49,351.9728942997839,21.51710570021612,游댮 Over
"Journalist, broadcasting",313.13,345.4257410278832,-32.295741027883196,游릭 Under
"Journalist, magazine",301.87,243.2339849650658,58.63601503493422,游댮 Over
"Journalist, newspaper",183.57,155.37898184714186,28.191018152858135,游댮 Over
Land,95.41999999999999,78.09182884068625,17.32817115931374,游댮 Over
Land/geomatics surveyor,120.15,98.07742623944971,22.0725737605503,游댮 Over
Landscape architect,633.62,723.7107740964217,-90.09077409642168,游릭 Under
Lawyer,570.75,617.2450892964594,-46.495089296459355,游릭 Under
Learning disability nurse,453.85,449.16151693251305,4.68848306748697,游댮 Over
Learning mentor,402.34000000000003,337.6170384785296,64.72296152147044,游댮 Over
"Lecturer, further education",209.73999999999998,209.03660545880174,0.7033945411982359,游댮 Over
"Lecturer, higher education",398.98,394.746306842412,4.233693157587993,游댮 Over
Legal executive,367.37,319.3476683795369,48.02233162046309,游댮 Over
Legal secretary,300.21,292.26664144709275,7.9433585529072275,游댮 Over
Leisure centre manager,321.59000000000003,308.53405501394053,13.055944986059501,游댮 Over
Lexicographer,294.07,307.69721533368613,-13.627215333686138,游릭 Under
"Librarian, academic",185.57999999999998,195.6082718912069,-10.028271891206913,游릭 Under
"Librarian, public",299.65,245.15013861127724,54.499861388722735,游댮 Over
Licensed conveyancer,197.53000000000003,187.62289190686678,9.907108093133246,游댮 Over
"Lighting technician, broadcasting/film/video",189.77,199.32377448203627,-9.55377448203626,游릭 Under
Lobbyist,602.58,603.3359386780758,-0.7559386780757222,游릭 Under
Local government officer,496.95,567.8130506314146,-70.86305063141464,游릭 Under
Location manager,650.61,691.9090654670407,-41.29906546704069,游릭 Under
Logistics and distribution manager,403.09000000000003,348.74289528490146,54.34710471509857,游댮 Over
"Loss adjuster, chartered",375.67,311.1402245343678,64.52977546563221,游댮 Over
Magazine features editor,186.35,196.96593299749875,-10.61593299749876,游릭 Under
Magazine journalist,479.01,388.2876731450169,90.72232685498307,游댮 Over
Maintenance engineer,303.35,313.75800903172205,-10.408009031722031,游릭 Under
Make,205.53,241.7222086080286,-36.19220860802861,游릭 Under
Management consultant,645.09,664.5650549623803,-19.475054962380227,游릭 Under
Manufacturing engineer,467.22,446.3203011688845,20.89969883111553,游댮 Over
Manufacturing systems engineer,304.26,321.6987493373082,-17.438749337308195,游릭 Under
Marine scientist,290.51,285.65881888667616,4.8511811133238325,游댮 Over
Market researcher,425.01,432.7650366508662,-7.755036650866202,游릭 Under
Marketing executive,155.15,182.54730603267114,-27.39730603267114,游릭 Under
Materials engineer,133.15,127.08382648926924,6.0661735107307635,游댮 Over
Mechanical engineer,415.22,491.8182183643863,-76.5982183643863,游릭 Under
Media buyer,46.95,54.56248505593488,-7.612485055934876,游릭 Under
Media planner,197.19,173.19522154764056,23.99477845235944,游댮 Over
Medical illustrator,229.74,190.1660261052242,39.573973894775804,游댮 Over
Medical laboratory scientific officer,234.91,197.39750412142854,37.51249587857146,游댮 Over
Medical physicist,320.90999999999997,259.06702642793556,61.84297357206441,游댮 Over
Medical sales representative,544.64,456.28696565844353,88.35303434155645,游댮 Over
Medical secretary,320.89,344.38001740862984,-23.490017408629853,游릭 Under
Medical technical officer,247.95,205.42049015428552,42.52950984571447,游댮 Over
Mental health nurse,391.13,362.80837531071955,28.32162468928044,游댮 Over
"Merchandiser, retail",403.16999999999996,458.78735164942196,-55.617351649422005,游릭 Under
Merchant navy officer,508.69,411.6872803957829,97.00271960421708,游댮 Over
Metallurgist,38.1,42.892499674655376,-4.7924996746553745,游릭 Under
Meteorologist,245.02,223.6400227659914,21.379977234008607,游댮 Over
Microbiologist,255.43,216.41713676775987,39.012863232240136,游댮 Over
Midwife,238.35,257.1069213458181,-18.756921345818085,游릭 Under
Minerals surveyor,383.34000000000003,403.1115803538403,-19.77158035384025,游릭 Under
Mining engineer,20.05,23.077325548486964,-3.0273255484869637,游릭 Under
Mudlogger,254.6,278.5396351009877,-23.939635100987715,游릭 Under
Multimedia programmer,275.77,309.2463744688919,-33.47637446889189,游릭 Under
Multimedia specialist,204.95,187.0811942593957,17.8688057406043,游댮 Over
Museum education officer,284.03,247.38326144790184,36.64673855209813,游댮 Over
Museum/gallery conservator,266.84000000000003,293.5896161311387,-26.74961613113868,游릭 Under
Museum/gallery curator,175.81,197.38784620423107,-21.577846204231065,游릭 Under
Museum/gallery exhibitions officer,700.02,837.3653638013245,-137.34536380132454,游릭 Under
Music therapist,497.54999999999995,480.1591700589121,17.390829941087873,游댮 Over
Music tutor,466.31,442.43830143441306,23.87169856558694,游댮 Over
Musician,234.43,260.34979615469854,-25.91979615469853,游릭 Under
Nature conservation officer,286.01,267.79728821910624,18.212711780893756,游댮 Over
Naval architect,210.15999999999997,246.37118381953803,-36.211183819538064,游릭 Under
Network engineer,107.52,122.93461563126425,-15.414615631264255,游릭 Under
Neurosurgeon,353.19,343.1585602114331,10.0314397885669,游댮 Over
Newspaper journalist,62.28,68.52970004082178,-6.249700040821779,游릭 Under
"Nurse, adult",408.27,449.8388876810213,-41.568887681021295,游릭 Under
"Nurse, children's",410.79,345.5769016316451,65.2130983683549,游댮 Over
"Nurse, learning disability",469.67,545.2968094720768,-75.62680947207679,游릭 Under
"Nurse, mental health",464.94,465.9168152183627,-0.9768152183626739,游릭 Under
Nutritional therapist,359.57000000000005,406.52372443534426,-46.95372443534421,游릭 Under
Occupational hygienist,175.57999999999998,162.94172357958192,12.638276420418066,游댮 Over
Occupational psychologist,702.9000000000001,814.1053109239919,-111.20531092399176,游릭 Under
Occupational therapist,261.40999999999997,249.82448433515899,11.585515664840983,游댮 Over
Oceanographer,299.47999999999996,240.88226394612786,58.5977360538721,游댮 Over
Office manager,232.41,270.0959300558404,-37.68593005584043,游릭 Under
Oncologist,200.85000000000002,168.013971612998,32.83602838700202,游댮 Over
Operational investment banker,88.64,82.23358433440575,6.406415665594253,游댮 Over
Operational researcher,218.89,258.29562558710023,-39.405625587100246,游릭 Under
Operations geologist,556.08,656.3094489076145,-100.22944890761448,游릭 Under
Ophthalmologist,264.84999999999997,272.63000986778087,-7.780009867780905,游릭 Under
"Optician, dispensing",511.31,538.273873981816,-26.963873981815993,游릭 Under
Optometrist,285.54,279.6516537382758,5.888346261724223,游댮 Over
Orthoptist,401.54,368.32634130705634,33.21365869294368,游댮 Over
Osteopath,190.66,177.59327288809126,13.066727111908733,游댮 Over
Outdoor activities/education manager,424.24,453.5156919224491,-29.275691922449084,游릭 Under
Paediatric nurse,579.5600000000001,638.0664729123608,-58.50647291236078,游릭 Under
Paramedic,292.94,327.10606602762005,-34.16606602762005,游릭 Under
Passenger transport manager,385.77,430.460396378342,-44.69039637834203,游릭 Under
Patent attorney,131.21,109.75486111240748,21.455138887592526,游댮 Over
Patent examiner,359.22,358.41826474210455,0.8017352578954728,游댮 Over
Pathologist,361.52,297.53945716848693,63.98054283151305,游댮 Over
Pension scheme manager,487.37,497.0255565512476,-9.655556551247571,游릭 Under
Pensions consultant,380.37,371.4739827229566,8.896017277043427,游댮 Over
Personal assistant,437.02,504.7937927796128,-67.77379277961279,游릭 Under
Personnel officer,262.77,247.09997513932387,15.670024860676108,游댮 Over
Petroleum engineer,229.88,194.66854629455122,35.211453705448776,游댮 Over
"Pharmacist, community",220.44,188.96043455669087,31.479565443309127,游댮 Over
"Pharmacist, hospital",631.38,697.425033061511,-66.04503306151105,游릭 Under
Pharmacologist,255.17,267.2362812865641,-12.066281286564134,游릭 Under
Photographer,218.53,183.66333536524533,34.86666463475467,游댮 Over
"Physicist, medical",210.31,175.32340095761805,34.986599042381954,游댮 Over
Physiological scientist,435.04999999999995,470.022648256516,-34.97264825651604,游릭 Under
Physiotherapist,281.14,233.09463664369173,48.04536335630826,游댮 Over
Phytotherapist,170.44,192.38313140217934,-21.943131402179347,游릭 Under
"Pilot, airline",315.64,341.67931863187056,-26.03931863187057,游릭 Under
Planning and development surveyor,311.31,259.17787556065196,52.13212443934805,游댮 Over
Plant breeder/geneticist,517.74,431.76155123618696,85.97844876381305,游댮 Over
Podiatrist,82.7,98.7980372568189,-16.0980372568189,游릭 Under
Police officer,323.34000000000003,307.0786876399136,16.261312360086436,游댮 Over
Politician's assistant,322.83,306.12576173504175,16.704238264958235,游댮 Over
"Presenter, broadcasting",413.55,465.29330441573603,-51.74330441573602,游릭 Under
Press photographer,128.91,151.97192564422127,-23.061925644221276,游릭 Under
Press sub,313.92,374.9461815821102,-61.02618158211021,游릭 Under
Primary school teacher,295.67,325.6365312142045,-29.966531214204508,游릭 Under
Print production planner,204.32,194.20694340627068,10.113056593729311,游댮 Over
Printmaker,68.06,56.72122351140456,11.338776488595443,游댮 Over
Prison officer,442.8,491.88826174906757,-49.088261749067556,游릭 Under
Private music teacher,436.46,446.65644753587577,-10.196447535875791,游릭 Under
Probation officer,221.38,214.66970736283824,6.710292637161757,游댮 Over
"Producer, radio",776.62,902.8531770209096,-126.23317702090958,游릭 Under
"Producer, television/film/video",471.7,398.3407409615246,73.35925903847539,游댮 Over
Product designer,419.0,417.763967479148,1.2360325208520067,游댮 Over
Product manager,494.51,397.85379634957457,96.65620365042543,游댮 Over
Product/process development scientist,121.35999999999999,119.83866220496284,1.521337795037141,游댮 Over
"Production assistant, radio",459.59999999999997,378.03079420134895,81.56920579865101,游댮 Over
"Production assistant, television",316.15999999999997,267.95418896292546,48.20581103707451,游댮 Over
"Production designer, theatre/television/film",400.61,339.3208758885504,61.28912411144961,游댮 Over
Production engineer,326.84,346.34715805744565,-19.50715805744568,游릭 Under
Production manager,503.2,552.7239132985444,-49.523913298544414,游릭 Under
Professor Emeritus,237.64,245.56470133507563,-7.924701335075639,游릭 Under
"Programme researcher, broadcasting/film/video",293.57,347.8419980222685,-54.27199802226852,游릭 Under
"Programmer, applications",504.27,479.0303948545673,25.239605145432677,游댮 Over
"Programmer, multimedia",185.23,169.35297989679563,15.877020103204359,游댮 Over
"Programmer, systems",264.86,303.91086603690417,-39.050866036904154,游릭 Under
Proofreader,256.70000000000005,228.31882069917745,28.381179300822595,游댮 Over
Psychiatric nurse,261.15,309.53822646996616,-48.388226469966185,游릭 Under
Psychiatrist,353.9,284.8405874370904,69.05941256290959,游댮 Over
"Psychologist, clinical",331.52,393.82969145204663,-62.30969145204665,游릭 Under
"Psychologist, counselling",105.96000000000001,86.59728970811322,19.362710291886785,游댮 Over
"Psychologist, educational",509.49,589.203401999212,-79.71340199921201,游릭 Under
"Psychologist, forensic",280.81,283.9214993770096,-3.1114993770095793,游릭 Under
"Psychologist, occupational",466.8,558.8463867313957,-92.04638673139567,游릭 Under
"Psychologist, prison and probation services",374.68,310.8040387500237,63.875961249976285,游댮 Over
"Psychologist, sport and exercise",265.36,271.0763091634938,-5.716309163493804,游릭 Under
Psychotherapist,435.21,516.9080626107152,-81.69806261071523,游릭 Under
"Psychotherapist, child",495.74,500.32021010756387,-4.5802101075638575,游릭 Under
"Psychotherapist, dance movement",249.54000000000002,262.4560544641094,-12.91605446410938,游릭 Under
Public affairs consultant,110.16,118.78547023141817,-8.625470231418177,游릭 Under
Public house manager,618.96,607.7050949794644,11.254905020535602,游댮 Over
Public librarian,238.07999999999998,250.22761108256555,-12.147611082565561,游릭 Under
Public relations account executive,237.25,245.25142820150222,-8.001428201502222,游릭 Under
Public relations officer,303.78000000000003,352.5255121707811,-48.74551217078107,游릭 Under
Publishing copy,73.96000000000001,60.5124857160217,13.447514283978308,游댮 Over
Publishing rights manager,579.46,528.6907719364456,50.769228063554465,游댮 Over
Purchasing manager,660.72,779.7583503036254,-119.0383503036254,游릭 Under
Quality manager,115.97,134.07355640713183,-18.103556407131833,游릭 Under
Quantity surveyor,378.90000000000003,372.1793374522027,6.72066254779736,游댮 Over
Quarry manager,190.26999999999998,199.41305175347932,-9.143051753479341,游릭 Under
Race relations officer,462.6,421.4066140988288,41.19338590117121,游댮 Over
Radiation protection practitioner,200.84,175.7849014875681,25.055098512431897,游댮 Over
Radio broadcast assistant,260.41,256.6286806521683,3.7813193478316975,游댮 Over
Radio producer,268.65,252.89123042367962,15.758769576320361,游댮 Over
"Radiographer, diagnostic",714.28,738.1815550291363,-23.901555029136375,游릭 Under
"Radiographer, therapeutic",23.23,19.30631024667864,3.923689753321362,游댮 Over
Ranger/warden,200.21,238.20143377713728,-37.991433777137274,游릭 Under
Records manager,305.77000000000004,365.2374637358113,-59.467463735811236,游릭 Under
Recruitment consultant,473.85,511.4095712753025,-37.55957127530246,游릭 Under
Recycling officer,103.94,105.44074252712315,-1.5007425271231511,游릭 Under
Regulatory affairs officer,331.86,306.5759338963123,25.284066103687735,游댮 Over
"Research officer, government",259.6,292.18447484636954,-32.58447484636952,游릭 Under
"Research officer, political party",248.6,266.9696677987577,-18.369667798757717,游릭 Under
"Research officer, trade union",255.07999999999998,220.65613155523795,34.423868444762036,游댮 Over
Research scientist (life sciences),512.34,596.5537734814301,-84.21377348143005,游릭 Under
Research scientist (maths),546.32,616.8034186215143,-70.48341862151426,游릭 Under
Research scientist (medical),83.95,99.0542810883428,-15.104281088342802,游릭 Under
Research scientist (physical sciences),176.72,192.6756606089564,-15.955660608956407,游릭 Under
Restaurant manager,297.47,310.9650473340078,-13.49504733400778,游릭 Under
"Restaurant manager, fast food",424.4,410.5209378406954,13.879062159304567,游댮 Over
Retail banker,182.72,214.34725939137815,-31.627259391378146,游릭 Under
Retail buyer,334.69,383.69716927075666,-49.00716927075666,游릭 Under
Retail manager,369.35,302.16060632148844,67.18939367851158,游댮 Over
Retail merchandiser,218.81,177.3557430758975,41.45425692410251,游댮 Over
Risk analyst,381.01,362.18252296568227,18.827477034317724,游댮 Over
Risk manager,90.44999999999999,101.68581950768672,-11.235819507686728,游릭 Under
"Runner, broadcasting/film/video",101.33,121.0802760733933,-19.75027607339331,游릭 Under
Rural practice surveyor,233.83999999999997,201.1413943262596,32.69860567374039,游댮 Over
Sales executive,280.11,290.65678187091464,-10.546781870914629,游릭 Under
"Sales professional, IT",330.24,314.50615859753145,15.733841402468556,游댮 Over
Sales promotion account executive,420.4,499.42080513650365,-79.02080513650367,游릭 Under
Science writer,614.3,698.3654617929062,-84.06546179290626,游릭 Under
Scientific laboratory technician,469.53999999999996,533.083544004027,-63.54354400402701,游릭 Under
"Scientist, audiological",159.43,157.43350018644483,1.9964998135551753,游댮 Over
"Scientist, biomedical",346.45,334.64568663395363,11.804313366046358,游댮 Over
"Scientist, clinical (histocompatibility and immunogenetics)",207.81,188.97468944716803,18.83531055283197,游댮 Over
"Scientist, forensic",509.68,419.23738525321784,90.44261474678217,游댮 Over
"Scientist, marine",471.29999999999995,540.0574623716026,-68.75746237160263,游릭 Under
"Scientist, physiological",283.22,318.6679295223283,-35.44792952232825,游릭 Under
"Scientist, product/process development",484.33,581.1413042810686,-96.81130428106866,游릭 Under
"Scientist, research (life sciences)",224.8,269.45758438968556,-44.65758438968555,游릭 Under
"Scientist, research (maths)",363.83,371.8970869797616,-8.067086979761598,游릭 Under
"Scientist, research (medical)",318.34999999999997,352.6028574490862,-34.25285744908621,游릭 Under
"Scientist, research (physical sciences)",358.72,422.5385450493699,-63.818545049369845,游릭 Under
"Scientist, water quality",146.26999999999998,166.72716953375394,-20.457169533753955,游릭 Under
Secondary school teacher,204.53,183.8600428998145,20.669957100185513,游댮 Over
"Secretary, company",227.61,223.10734025517218,4.502659744827838,游댮 Over
Secretary/administrator,474.01,403.69714175038405,70.31285824961594,游댮 Over
Seismic interpreter,334.2,394.897541323946,-60.697541323945984,游릭 Under
Senior tax professional/tax inspector,529.23,551.7063207161757,-22.476320716175678,游릭 Under
Set designer,325.73,290.37432841465716,35.35567158534286,游댮 Over
Ship broker,166.58,178.02076000333105,-11.440760003331036,游릭 Under
Site engineer,325.41,340.78604429096157,-15.376044290961545,游릭 Under
"Social research officer, government",145.23000000000002,136.99038861596378,8.239611384036237,游댮 Over
Social researcher,122.32,103.41214587114345,18.907854128856542,游댮 Over
Social worker,435.84,465.7513846268663,-29.911384626866322,游릭 Under
Software engineer,192.84,194.40645481691502,-1.5664548169150123,游릭 Under
Soil scientist,447.43,496.16736720571083,-48.737367205710825,游릭 Under
Solicitor,222.16,223.95180936281616,-1.791809362816167,游릭 Under
"Solicitor, Scotland",280.73,320.27716503376956,-39.547165033769545,游릭 Under
"Sound technician, broadcasting/film/video",401.3,409.6320857600804,-8.33208576008036,游릭 Under
Special educational needs teacher,214.88,220.11774052940953,-5.237740529409535,游릭 Under
Special effects artist,156.97,180.61932640371217,-23.649326403712166,游릭 Under
Speech and language therapist,141.7,136.22940885691864,5.47059114308135,游댮 Over
Sport and exercise psychologist,406.07,346.6238255267807,59.44617447321929,游댮 Over
Sports administrator,357.09999999999997,289.7913174845973,67.30868251540267,游댮 Over
Sports coach,243.29,268.1189371731339,-24.82893717313388,游릭 Under
Sports development officer,638.98,669.7301588495347,-30.750158849534728,游릭 Under
Sports therapist,357.68,386.8781005814921,-29.1981005814921,游릭 Under
Stage manager,194.35,172.0358339157027,22.314166084297284,游댮 Over
Statistician,118.16999999999999,100.98200690803543,17.187993091964557,游댮 Over
Structural engineer,164.66,132.68596985954937,31.974030140450623,游댮 Over
Sub,229.1,215.40784388903654,13.692156110963452,游댮 Over
Surgeon,566.28,586.6474350848166,-20.367435084816634,游릭 Under
"Surveyor, building",144.21,137.99420549753296,6.215794502467048,游댮 Over
"Surveyor, building control",383.15,373.5674065493567,9.582593450643287,游댮 Over
"Surveyor, commercial/residential",259.28999999999996,301.20772315811354,-41.917723158113574,游릭 Under
"Surveyor, hydrographic",393.97,370.0568825372679,23.913117462732146,游댮 Over
"Surveyor, insurance",555.6700000000001,558.7794157765729,-3.1094157765728596,游릭 Under
"Surveyor, land/geomatics",232.51,258.89086479697727,-26.380864796977278,游릭 Under
"Surveyor, minerals",303.77,291.1991203942929,12.570879605707091,游댮 Over
"Surveyor, mining",225.07999999999998,236.0717097949159,-10.99170979491592,游릭 Under
"Surveyor, planning and development",424.74,486.30414466123705,-61.56414466123704,游릭 Under
"Surveyor, quantity",333.71000000000004,393.7138109283167,-60.00381092831668,游릭 Under
"Surveyor, rural practice",126.44,108.59038837146703,17.84961162853297,游댮 Over
Systems analyst,113.66,133.05437979034215,-19.394379790342157,游릭 Under
Systems developer,592.42,590.551813738472,1.868186261527967,游댮 Over
TEFL teacher,77.53999999999999,70.04170794748049,7.498292052519503,游댮 Over
Tax adviser,250.53,246.43491240414863,4.095087595851368,游댮 Over
Tax inspector,455.37,542.8069735230991,-87.43697352309914,游릭 Under
"Teacher, English as a foreign language",310.33,309.41366924352286,0.916330756477123,游댮 Over
"Teacher, adult education",298.27,277.838697120182,20.431302879817963,游댮 Over
"Teacher, early years/pre",66.5,70.04846272482492,-3.5484627248249154,游릭 Under
"Teacher, music",158.91,142.39261611201707,16.51738388798293,游댮 Over
"Teacher, primary school",305.65,253.79505049456526,51.85494950543472,游댮 Over
"Teacher, secondary school",524.02,446.2302207502473,77.78977924975266,游댮 Over
"Teacher, special educational needs",239.68,204.02001067255958,35.65998932744043,游댮 Over
Teaching laboratory technician,314.37,270.597459903784,43.772540096216005,游댮 Over
Technical author,273.05,233.6027037967686,39.44729620323142,游댮 Over
Technical brewer,174.76999999999998,184.61827165970308,-9.848271659703101,游릭 Under
Technical sales engineer,252.51000000000002,220.37861604465124,32.13138395534878,游댮 Over
Telecommunications researcher,70.08,65.75374528613453,4.326254713865467,游댮 Over
Television camera operator,152.67000000000002,176.90107461614033,-24.23107461614032,游릭 Under
Television floor manager,216.47,214.2153905070816,2.254609492918405,游댮 Over
Television production assistant,176.54,188.37225726340083,-11.832257263400834,游릭 Under
Television/film/video producer,301.17,261.695030243918,39.47496975608203,游댮 Over
Textile designer,331.88,291.0307518248887,40.84924817511131,游댮 Over
Theatre director,332.57,271.49267028469717,61.077329715302824,游댮 Over
Theatre manager,411.33000000000004,356.8592237973894,54.47077620261064,游댮 Over
Theatre stage manager,349.73,318.7565597078588,30.97344029214122,游댮 Over
Theme park manager,190.17,165.60083351796357,24.569166482036422,游댮 Over
Therapeutic radiographer,243.2,203.18898248388638,40.01101751611361,游댮 Over
"Therapist, art",530.26,449.79535080392185,80.46464919607814,游댮 Over
"Therapist, drama",336.05,330.777881998959,5.272118001041008,游댮 Over
"Therapist, horticultural",176.0,155.3258937757678,20.67410622423219,游댮 Over
"Therapist, music",523.96,495.5131345578999,28.446865442100147,游댮 Over
"Therapist, nutritional",315.33,315.7610272074648,-0.43102720746480827,游릭 Under
"Therapist, occupational",355.02,382.0575888239989,-27.03758882399893,游릭 Under
"Therapist, speech and language",277.02,225.9720995915125,51.04790040848749,游댮 Over
"Therapist, sports",686.23,768.4157592173409,-82.18575921734089,游릭 Under
Tour manager,422.57,444.1887470348691,-21.618747034869102,游릭 Under
Tourism officer,398.24,331.6158867533275,66.6241132466725,游댮 Over
Tourist information centre manager,280.67,322.6109249712197,-41.94092497121966,游릭 Under
Town planner,210.03,245.3883321134787,-35.358332113478696,游릭 Under
Toxicologist,722.81,595.9071040650776,126.9028959349223,游댮 Over
Trade mark attorney,298.86,272.18706157010934,26.672938429890678,游댮 Over
Trade union research officer,102.66,115.23384935342227,-12.573849353422275,游릭 Under
Trading standards officer,166.71,183.26494919354386,-16.554949193543848,游릭 Under
Training and development officer,480.76,420.0921301063088,60.667869893691204,游댮 Over
Translator,169.51,149.8027215195223,19.707278480477697,游댮 Over
Transport planner,494.7,469.06901970035864,25.63098029964135,游댮 Over
Travel agency manager,354.53,352.3351735759091,2.194826424090877,游댮 Over
Tree surgeon,252.83,264.7893415544019,-11.959341554401902,游릭 Under
Veterinary surgeon,248.2,235.18574613648698,13.014253863513005,游댮 Over
Video editor,205.85,202.7651085264034,3.084891473596599,游댮 Over
Visual merchandiser,306.26,336.5761798051377,-30.316179805137722,游릭 Under
Volunteer coordinator,79.32000000000001,64.6198846613129,14.700115338687112,游댮 Over
Warden/ranger,268.4,241.82163034477406,26.578369655225913,游댮 Over
Warehouse manager,191.43,207.76660449035197,-16.33660449035196,游릭 Under
Waste management officer,357.15,413.6092488319932,-56.45924883199325,游릭 Under
Water engineer,663.35,666.4484924909709,-3.098492490970898,游릭 Under
Water quality scientist,355.98,360.5527033938988,-4.5727033938987915,游릭 Under
Web designer,313.03,263.843221883876,49.186778116123946,游댮 Over
Wellsite geologist,78.66,77.00538270973317,1.6546172902668275,游댮 Over
Writer,292.78000000000003,296.59987330908075,-3.8198733090807195,游릭 Under
Youth worker,501.33,449.68709503487963,51.64290496512035,游댮 Over
